name,mean,variance,stdev,median,min,max
oil_price,54.16987631399462,1811.174227843788,42.55789266215831,47.57824644991199,0.9955290994379143,159.60997691377557
freight_outward,1295.9980568775557,90057.58220443172,300.0959549951177,1261.5348734291047,566.8972495150882,2422.8633986277164
freight_homeward,764.5951818724802,16196.761628728837,127.26649845394834,737.6543405389538,530.048503325007,1172.1721454965568
exchange_rate,116.51794522809676,1634.0509641471715,40.42339624706429,114.53783626929086,28.14030932841566,199.69102086981954
ship_demand,117.44555183636247,542.8268508724258,23.298644829097373,114.42245440453776,63.912121216464605,254.39198800542712
ship_supply,4554.038863755248,858318.2771040894,926.4546816245733,4507.034736469388,1915.6983184297596,8601.338532834565
new_ship,73737850.82610776,54461772151418.28,7379821.95933061,73062815.10627949,56638342.1325862,99647120.0402104
secondhand_ship,62464469.90740321,288505367522453.0,16985445.755777296,60910803.34667292,23108130.55872366,122097410.8148135
