name,mean,variance,stdev,median,min,max
oil_price,57.14121657209692,1823.672848737165,42.70448277098278,48.71980656788116,0.24280430937951636,158.25626994636343
freight_outward,1302.5864353549755,91708.36021828536,302.83388221644776,1269.481912431921,520.2259917816115,2663.8341085790616
freight_homeward,771.2053076324795,16373.020943402958,127.9571058730345,748.148776258842,531.2255142194049,1211.8140381110202
exchange_rate,117.02771883695799,1578.2729979768699,39.72748416369793,115.83130131192594,24.318029214152606,199.69102086982656
ship_demand,113.08324706474829,860.5675881888885,29.335432299335363,111.16533309699858,47.422423726140075,266.9356457542272
ship_supply,4408.626189803699,1257288.5242119143,1121.2887782422129,4389.034006510839,1018.0414022228078,9117.40912235729
new_ship,74295103.51192959,49787053373066.32,7055994.144914402,74339754.71725056,54819874.95767754,128509936.86703217
secondhand_ship,64632436.79880919,364840242417767.8,19100791.66992216,64753308.975448035,11912398.247331524,211393646.6393432
