name,mean,variance,stdev,median,min,max
oil_price,50.95919063338775,1906.6232666878266,43.66489741987065,36.29039646956599,0.34801305130475463,158.2562699463478
freight_outward,1273.0161840064243,94165.18782774759,306.86346773076065,1219.2752887509087,512.7968387172244,2363.8239442823397
freight_homeward,754.379553798211,17146.537568746095,130.9447882458332,716.8643423967444,522.9006449088952,1158.3046146879246
exchange_rate,114.94391115096174,1879.478852629006,43.35295667689813,115.83130131194056,17.362791498597602,199.69102086982377
ship_demand,117.75395858182715,978.6925706292097,31.284062565932988,113.87304789999902,55.85401947221545,248.342962670914
ship_supply,4561.535943272874,1325816.237203207,1151.4409395202201,4498.047075564906,1665.733854044408,8580.462078494766
new_ship,73550612.02458468,53148168143780.74,7290279.01686765,73587408.36111298,53595716.88340208,107379359.36265472
secondhand_ship,62033519.875793576,281546691885737.3,16779353.14264937,62118210.560956076,16105204.687343558,139893982.64348927
