name,mean,variance,stdev,median,min,max
oil_price,64.71392380262633,1609.758777998751,40.12179928665651,55.676877833598866,1.5459662071279303,159.60997691377557
freight_outward,1349.305975599213,80983.09899122428,284.5752958203229,1309.241152997857,709.7305595906668,2252.2687455540386
freight_homeward,793.8497163143016,14612.352722147818,120.88156485646526,766.2034241086351,570.0310655739853,1133.2103554831124
exchange_rate,109.33523742760647,1348.1341010959159,36.71694569399688,107.0747846097279,23.51242879144214,199.69102086974289
ship_demand,116.5948021879874,412.35555159015047,20.306539626193096,115.52923241386048,73.48561715398576,186.0514252310964
ship_supply,4540.149718944537,732498.4620570111,855.8612399548254,4594.583885067643,2472.2975095003144,7080.905629108911
new_ship,73403411.65145886,45222633256162.69,6724777.561835238,73570572.71763204,57480638.51409277,96687819.23211591
secondhand_ship,61694722.54887464,239562025114207.7,15477791.351294529,62079461.53548023,25046765.335715618,115286265.01374647
