name,mean,variance,stdev,median,min,max
oil_price,55.86837964475152,1682.585066209183,41.019325521139216,47.15121695393832,0.4672070352518819,158.25626994636343
freight_outward,991.0418931985415,69404.42301577576,263.44719208178276,953.3648403067843,347.4505046463606,1944.8581371217106
freight_homeward,708.5659422340257,14894.905487579064,122.04468643730075,684.0327522675623,491.18978847948136,1077.139709926618
exchange_rate,116.54989388451057,1602.2138955425762,40.02766412798249,115.83130131191044,19.209329131742813,199.69102086983108
ship_demand,117.87583043753015,748.1221017662418,27.351820812630407,114.97451164606775,47.19472202028048,266.93564575415945
ship_supply,5716.620058938765,1444802.308149832,1201.999296235165,5584.932682710578,2280.518780347018,11153.51371993903
new_ship,62877875.381057195,16155136878074.098,4019345.329537398,62955044.27162081,47428497.50297442,83316174.0022284
secondhand_ship,33738474.6184468,117522305793078.94,10840770.535025585,33934550.06234826,3000000.0,89052750.1573558
