name,mean,variance,stdev,median,min,max
oil_price,66.55112753439955,1895.6015644591644,43.538506686141226,59.290000000000035,1.698868882966528,159.60997691377557
freight_outward,1147.633310390788,72726.77558669179,269.6790232604156,1110.6295140316652,526.2477014175989,1942.9812520690175
freight_homeward,758.0782359367005,16247.831171854217,127.46698071208174,736.3704724470938,533.3900404574737,1079.206113289785
exchange_rate,114.8390674598092,985.1048728787829,31.386380372365064,111.99407649090207,41.68909785455838,199.69102086970952
ship_demand,118.80993563286643,507.5085361015042,22.52795010873169,115.52923241388342,67.06352461098793,200.945381866253
ship_supply,19026.762099418727,12252087.41780017,3500.298189840427,18551.393460791114,9139.030509117492,31192.443213469454
new_ship,65044882.264855914,20084666670777.95,4481591.979506607,64949979.511761785,52281686.975747004,82155321.8513024
secondhand_ship,42456677.47453351,106396356756596.22,10314860.966421032,42238248.68673381,13080824.9880847,81838175.4367761
